user_id,name,email,phone_number,age,created_at
1,Arjun Verma,arjunverma1@gmail.com,+917599784040,28,2025-12-24 04:49:48
2,Ishaan Iyer,ishaaniyer2@gmail.com,+917315602616,18,2025-11-14 19:00:34
3,Kavya Reddy,kavyareddy3@gmail.com,+916073713802,27,2025-10-30 22:47:15
4,Krishna Patel,krishnapatel4@gmail.com,+919665689212,22,2025-11-25 05:41:44
5,Reyansh Reddy,reyanshreddy5@gmail.com,+918368395113,21,2025-11-12 15:03:13
6,Aadhya Sharma,aadhyasharma6@gmail.com,+918075683321,26,2026-01-10 14:32:51
7,Aadhya Jain,aadhyajain7@gmail.com,+918707779883,25,2025-12-23 08:46:42
8,Vivaan Patel,vivaanpatel8@gmail.com,+918758272564,21,2026-01-24 05:41:01
9,Meera Verma,meeraverma9@gmail.com,+916756415139,28,2025-12-07 07:28:32
10,Pooja Mehta,poojamehta10@gmail.com,+919783764110,24,2025-11-26 21:34:35
11,Diya Malhotra,diyamalhotra11@gmail.com,+918040395019,26,2025-10-14 12:27:33
12,Aarav Nair,aaravnair12@gmail.com,+919600774798,26,2026-02-08 02:21:53
13,Ishaan Patel,ishaanpatel13@gmail.com,+916217288140,27,2026-01-09 19:36:57
14,Arjun Iyer,arjuniyer14@gmail.com,+918628374324,19,2025-11-28 07:16:43
15,Ira Malhotra,iramalhotra15@gmail.com,+919870565142,27,2026-01-15 02:20:16
16,Arjun Reddy,arjunreddy16@gmail.com,+918468370386,27,2025-11-27 21:40:29
17,Aadhya Jain,aadhyajain17@gmail.com,+918327453285,24,2025-12-22 18:22:06
18,Meera Nair,meeranair18@gmail.com,+917847913875,19,2026-02-04 05:23:14
19,Ananya Patel,ananyapatel19@gmail.com,+918287554265,18,2025-11-05 11:27:14
20,Ishaan Iyer,ishaaniyer20@gmail.com,+918377025863,18,2025-12-05 20:46:38
21,Riya Iyer,riyaiyer21@gmail.com,+919458183820,19,2025-11-02 08:51:46
22,Meera Malhotra,meeramalhotra22@gmail.com,+917742963693,27,2026-02-06 21:01:47
23,Ananya Jain,ananyajain23@gmail.com,+916071783346,26,2025-12-25 06:15:26
24,Reyansh Malhotra,reyanshmalhotra24@gmail.com,+916773534789,28,2026-01-22 14:31:16
25,Vivaan Iyer,vivaaniyer25@gmail.com,+917416391375,24,2026-02-11 20:55:16
26,Rohan Patel,rohanpatel26@gmail.com,+918610122085,18,2025-11-30 00:25:38
27,Reyansh Sharma,reyanshsharma27@gmail.com,+916844586680,23,2025-12-16 10:47:25
28,Diya Sharma,diyasharma28@gmail.com,+916071593646,28,2025-12-12 01:05:45
29,Ishaan Gupta,ishaangupta29@gmail.com,+918809721835,22,2025-11-26 16:24:36
30,Kavya Iyer,kavyaiyer30@gmail.com,+917570279124,23,2026-01-11 09:37:00